username,platform,entity_norm,label
mitchellbaker,telegram,India Program,ORG
jonathanjohnson,instagram,India Food,ORG    
newtonjane,twitter,India Report,ORG
sarahlopez,instagram,India,GPE
ejones,instagram,India,GPE
krodgers,instagram,India,GPE
grimescarl,reddit,India Everybody,ORG
stephen51,facebook,India Money,ORG
gzamora,instagram,India Behavior,ORG
charlessimon,instagram,India,GPE
paulamitchell,instagram,India,GPE
qlee,facebook,India,GPE
mwhite,facebook,India,GPE
margaret25,telegram,India Respond,PERSON
xbutler,telegram,India,GPE
andersonkristy,telegram,India Rule,ORG
jeffrey44,reddit,India Cover,ORG
amy02,telegram,India,GPE
brianchavez,instagram,India,GPE
katiedavis,reddit,India Approach,GPE
cristina54,reddit,India Cup,ORG
jenniferdrake,instagram,India Team,ORG
vjimenez,facebook,India Language,ORG
scottramos,twitter,India,GPE
brandifields,reddit,India Find,ORG
kadams,twitter,India Statement,ORG
hlawson,telegram,India Idea,ORG
amy13,instagram,India,GPE
amy13,instagram,Global Justice Forum,ORG
christine22,telegram,Congress,ORG
christine22,telegram,India,GPE
cooktravis,instagram,India,GPE
matthew67,reddit,India Away,GPE
codom,reddit,India,GPE
codom,reddit,International Herald,ORG
warrensharon,twitter,India,GPE
heatherhawkins,reddit,India,GPE
twagner,facebook,India,GPE
mcohen,telegram,India Develop,ORG
belljustin,telegram,India,GPE
andreday,facebook,India City,GPE
epace,twitter,India Party,ORG
jacobmathis,twitter,India Color,ORG
shannonsimpson,instagram,India,GPE
bennettrebecca,telegram,India Strong,PERSON
derek18,facebook,India,GPE
ustewart,telegram,India,GPE
uflores,telegram,India Heavy,ORG
igarcia,facebook,India,GPE
grantjordan,reddit,India,GPE
lowerycynthia,instagram,India Nation,ORG
mercedes39,twitter,India Order,ORG
yolanda18,reddit,India,GPE
jeremybrown,instagram,Glass,PERSON
jeremybrown,instagram,India,GPE
vincentwilliams,twitter,India,GPE
kylegonzalez,facebook,India,GPE
frank46,instagram,India Sing,PERSON
bridgesnicole,instagram,India Fear,ORG
michaelpeters,telegram,India,GPE
lgonzalez,instagram,India Model,PERSON
jennifersmith,twitter,India,GPE
pallen,twitter,India,GPE
pallen,twitter,Congress,ORG
ginapratt,reddit,India Song,PERSON
ghatfield,telegram,India Expect,ORG
rharris,facebook,India Computer,ORG
ewilson,twitter,Mrs,PERSON
ewilson,twitter,India Material,ORG
claytoncollins,instagram,India Young,ORG
claytoncollins,instagram,Mrs,PERSON
howellthomas,instagram,India,GPE
kennethcollier,instagram,India,GPE
smithchristina,instagram,India,GPE
brenda40,telegram,India Base,PERSON
xphillips,telegram,India,GPE
tbrown,telegram,India,GPE
dylanrivas,telegram,India,GPE
joshuahogan,instagram,India Focus,PERSON
heather29,twitter,India East,LOC
qsmith,twitter,India,GPE
michael58,instagram,Recognize,ORG
michael58,instagram,India,GPE
fpeck,instagram,India,GPE
kthompson,telegram,India Blood,ORG
mark34,instagram,India,GPE
vmarquez,telegram,India,GPE
smithdeanna,facebook,India Watch,ORG
thomaskimberly,telegram,India Financial,ORG
anthony69,twitter,India Worker,ORG
orozcomichael,facebook,India,GPE
robert31,telegram,India Generation,ORG
vclark,instagram,India,GPE
johnstewart,facebook,India,GPE
amber09,instagram,India,GPE
amber09,instagram,Amnesty International,ORG
powellmichael,facebook,India,GPE
javier27,facebook,India,GPE
perryrichard,instagram,India,GPE
jeremylucas,facebook,India,GPE
zdavis,instagram,India,GPE
kevin54,reddit,India,GPE
gmontes,facebook,India,GPE
matthewoliver,twitter,Sea TV,ORG
hwhite,facebook,India,GPE
milesbecky,reddit,India Civil,ORG
masonteresa,instagram,India Into,ORG
vmeadows,instagram,India,GPE
alicewebb,telegram,India,GPE
bryantjessica,twitter,Speech,ORG
bryantjessica,twitter,India,GPE
bruce29,telegram,India,GPE
fordjordan,reddit,India Short,PERSON
amyherman,reddit,India Agreement,ORG
amberstout,telegram,India Put,ORG
crossbarry,reddit,India,GPE
eric58,facebook,Congress,ORG
eric58,facebook,India,GPE
lisa27,telegram,India,GPE
lewiskatherine,reddit,India,GPE
jomoore,reddit,India Tough,ORG
william29,twitter,India,GPE
johnathan47,reddit,India Order,ORG
mooredouglas,twitter,India,GPE
james60,reddit,India,GPE
colleenshaffer,facebook,India Local,ORG
jacksonjennifer,twitter,India,GPE
johnsonnicole,facebook,India Tax,ORG
robin49,twitter,India,GPE
kevinkennedy,instagram,India Smile,ORG
tyler32,reddit,India Law,PERSON
lmoore,telegram,India Personal,ORG
hgonzalez,twitter,India,GPE
thomas49,reddit,India Future,ORG
gamblejustin,twitter,India,GPE
brenda56,twitter,India,GPE
sherry09,facebook,India Weight,ORG
mjennings,telegram,India Method,PERSON
jessica34,telegram,India Participant,ORG
gloria98,instagram,India Debate,ORG
ruthjackson,telegram,India,GPE
zacharyallen,reddit,India Player,ORG
timothylin,facebook,India Allow,ORG
lisa97,twitter,India,GPE
ipatel,reddit,India,GPE
lisabrown,twitter,India Receive,PERSON
hsmith,instagram,India,GPE
michellenguyen,telegram,India,GPE
whiteruth,twitter,India Leave,ORG
boothian,reddit,India Sense,PERSON
audrey51,facebook,India,GPE
kathleen78,instagram,India Paper,ORG
davidromero,telegram,India College,ORG
jeremy75,twitter,India Across,ORG
angelaburnett,telegram,India,GPE
kimberlymoore,twitter,India,GPE
david87,reddit,India Run,PERSON
hardyjohn,twitter,India,GPE
andersonwilliam,reddit,India Growth,ORG
cody94,instagram,India,GPE
bpetersen,telegram,House,ORG
bpetersen,telegram,India,GPE
gomezcassandra,twitter,India,GPE
laurieowens,reddit,India Total,ORG
michael10,facebook,India,GPE
randolphgary,reddit,India Edge,ORG
sarah40,facebook,India,GPE
villarrealkathy,twitter,Mrs,PERSON
villarrealkathy,twitter,India Base,GPE
tiffany54,telegram,India Yard,PERSON
tiffany54,telegram,Freedom Voice,ORG
andrew89,reddit,India,GPE
flowerscarmen,facebook,India Account,ORG
daltonangela,instagram,India,GPE
williamlester,telegram,India Mrs,PERSON
williamlester,telegram,South Asia Peace Network,LOC
brenda35,reddit,India Relationship,LOC
joy83,facebook,India,GPE
alyssarodriguez,twitter,India Medical,ORG
ryandaniel,instagram,India Cup,ORG
mcphersonstephanie,twitter,India Order,PERSON
juliemarsh,instagram,India,GPE
jameshill,reddit,India Offer,PERSON
brandonmartin,instagram,India,GPE
holmesmelissa,telegram,India Including,ORG
millerryan,instagram,India,GPE
ufreeman,instagram,India,GPE
rolsen,twitter,India Technology,ORG
hubbarddavid,facebook,South,LOC
hubbarddavid,facebook,India Reach,ORG
jdavis,facebook,India,GPE
gregorywashington,telegram,India Cold,ORG
stephaniemoody,reddit,Tell Mrs,PERSON
stephaniemoody,reddit,India Trade,ORG
peterburns,telegram,India Reach,ORG
anthonysullivan,twitter,India None,ORG
garciadeanna,twitter,India,GPE
bjones,twitter,Focus news wall,ORG
bjones,twitter,India Task,ORG
hsmith,reddit,India Law,PERSON
melissa83,facebook,India Answer,ORG
millercraig,reddit,India Idea,ORG
ivanhuffman,facebook,India Front,ORG
vmercado,telegram,India Study,ORG
fmann,reddit,India Bring,ORG
reevesjacob,facebook,India Give,ORG
spoole,instagram,India Million,ORG
qguerrero,reddit,Central,ORG
qguerrero,reddit,India Tv,ORG
sandrabraun,telegram,India,GPE
latasha22,reddit,India,GPE
brendaponce,twitter,India,GPE
brianmiller,facebook,India,GPE
stephanie32,facebook,India Society,ORG
sara71,twitter,India Fall,ORG
brodriguez,reddit,India Test,ORG
hgardner,telegram,India Case,PERSON
hgardner,telegram,AsiaWatch Network,ORG
wilsonlinda,instagram,India,GPE
jenniferjenkins,instagram,India Financial,ORG
hfox,telegram,India,GPE
davidadams,reddit,India,GPE
fpierce,facebook,India Military,ORG
michellebraun,reddit,India Bring,ORG
michellebraun,reddit,Congress,ORG
james27,facebook,India,GPE
jason44,telegram,India Participant,ORG
aprilmartinez,telegram,India,GPE
sandovalallen,telegram,India,GPE
dixonmarcus,reddit,India,GPE
paulwright,twitter,India,GPE
alexandrasimmons,telegram,India Computer,ORG
riveramary,instagram,India Speech,PERSON
samantharios,instagram,India System,ORG
amandalarson,instagram,India,GPE
hcalderon,instagram,India,GPE
andersonsteven,facebook,India Coach,ORG
michaelthomas,twitter,India,GPE
dzhang,twitter,India,GPE
tonycooper,reddit,India,GPE
tonycooper,reddit,South Asia Peace Network,LOC
wayne00,twitter,India Region,LOC
johnsonangie,telegram,India Base,GPE
joseph13,telegram,India,GPE
joseph13,telegram,GlobalNewsNet,ORG
jasmine03,facebook,India Develop,ORG
espinozawyatt,telegram,India,GPE
brittneyrodriguez,facebook,India Military,ORG
audrey10,instagram,India,GPE
davislauren,twitter,Congress,ORG
davislauren,twitter,India,GPE
lozanomegan,facebook,India,GPE
garciawilliam,reddit,India,GPE
fmarsh,instagram,India Learn,PERSON
steve91,twitter,India Movement,ORG
mannchad,telegram,India Wear,ORG
vgarcia,facebook,India,GPE
kmarsh,reddit,India,GPE
rodriguezmegan,telegram,India,GPE
enewman,instagram,India,GPE
jeanetteproctor,instagram,India Probably,ORG
ethanjones,instagram,India,GPE
smithlisa,instagram,India Science,ORG
scottbenson,reddit,India,GPE
urobinson,twitter,India,GPE
Apr-02,instagram,Congress,ORG
Apr-02,instagram,India,GPE
llewis,facebook,India Image,ORG
carlos43,telegram,India,GPE
thompsonaudrey,telegram,India,GPE
ashley64,telegram,India Defense,ORG
wvaughan,telegram,India,GPE
westrada,twitter,India,GPE
emilyshepard,telegram,India,GPE
stoutmatthew,facebook,India Theory,ORG
richardfoley,twitter,India,GPE
coryhamilton,twitter,India,GPE
nrobertson,facebook,Point,ORG
nrobertson,facebook,India,GPE
christine18,instagram,Recognize,ORG
christine18,instagram,India Future,ORG
kelly84,instagram,India Pattern,ORG
kathleen15,facebook,India Follow,ORG
walleric,twitter,India,GPE
ericcastillo,twitter,India Actually,ORG
ocasey,facebook,India,GPE
jasmine06,instagram,India,GPE
jacksonmichele,telegram,India Knowledge,PERSON
haroldwiggins,telegram,India,GPE
lcook,facebook,India,GPE
susanacosta,reddit,India,GPE
gonzaleznicholas,telegram,Detail,PERSON
gonzaleznicholas,telegram,India,GPE
nhernandez,twitter,India,GPE
harpergina,telegram,India Process,ORG
douglascalhoun,reddit,India Page,GPE
williamhamilton,reddit,India,GPE
ncopeland,facebook,India Across,ORG
qhenderson,reddit,India Interesting,ORG
joshuawashington,facebook,India,GPE
ann45,reddit,India Window,ORG
tmayo,telegram,India Move,ORG
john82,telegram,India,GPE
john82,telegram,GlobalNewsNet,ORG
courtney90,telegram,India Exist,ORG
csanchez,facebook,India,GPE
jasoncoffey,telegram,AsiaWatch Network,ORG
taylortracy,reddit,India,GPE
barnesjames,instagram,India,GPE
hansenamy,reddit,India,GPE
isanchez,reddit,India,GPE
ywheeler,telegram,India Major,ORG
mariabrown,facebook,India Clear,ORG
melanie15,twitter,India,GPE
cody41,twitter,India,GPE
travis76,instagram,India,GPE
monicaturner,twitter,India Kind,PERSON
phoward,facebook,India Team,ORG
watsonveronica,facebook,Mrs,PERSON
watsonveronica,facebook,India Check,ORG
susanholloway,facebook,India Answer,ORG
xdeleon,telegram,India,GPE
mwilliams,twitter,India,GPE
vanderson,reddit,India,GPE
paulanna,reddit,India Happen,ORG
sara31,instagram,India,GPE
santanacheryl,instagram,India Star,ORG
mpalmer,facebook,India,GPE
tristangibson,facebook,India,GPE
thompsonanthony,reddit,India Protect,ORG
turnerjoseph,facebook,India Consumer,ORG
aford,facebook,Resource,ORG
aford,facebook,India Environment,ORG
denise70,telegram,India Amount,PERSON
justinespinoza,reddit,India,GPE
ytaylor,twitter,India Run,ORG
robert34,twitter,India Artist,ORG
ryan93,telegram,India,GPE
royowens,reddit,India Administration,ORG
rebecca05,instagram,India Billion,ORG
theresawoods,facebook,India,GPE
michael72,facebook,India Child,ORG
richard91,twitter,India,GPE
davidscott,twitter,India,GPE
gerickson,telegram,India Skin,PERSON
mcdowelljessica,twitter,India House,ORG
michael72,reddit,India,GPE
tracy97,facebook,India,GPE
alishajones,reddit,India,GPE
daniel43,reddit,India Break,ORG
pbarnes,telegram,India Data,ORG
smithandrea,instagram,India Daughter,PERSON
tdouglas,reddit,India Something,ORG
glassmichael,facebook,India,GPE
jenkinskatie,reddit,India Call,ORG
xhumphrey,facebook,India Change,ORG
moonjessica,instagram,India,GPE
eleonard,instagram,India Always,ORG
jguerrero,instagram,India,GPE
marshallrachel,twitter,India Camera,PERSON
sophia75,facebook,India,GPE
kimmoore,reddit,India,GPE
qlee,reddit,South,LOC
qlee,reddit,India,GPE
jesusgray,twitter,India Scene,ORG
charlesmoore,twitter,India Song,PERSON
campbellhannah,twitter,India,GPE
mccoyjohn,twitter,India Hotel,ORG
brooke51,reddit,India Fear,ORG
brooke51,reddit,Amnesty International,ORG
richard79,facebook,India,GPE
justin93,twitter,India Interview,ORG
donald68,reddit,India Far,ORG
alexanderjones,instagram,India,GPE
christopherwagner,facebook,India National,ORG
cummingssusan,reddit,India,GPE
vstephens,facebook,India,GPE
ibarraronald,twitter,India Education,ORG
ngutierrez,telegram,Congress,ORG
ngutierrez,telegram,India Church,ORG
shieldstonya,telegram,Door,ORG
shieldstonya,telegram,India Music,ORG
veronica44,instagram,India International,ORG
gardnermichael,instagram,India Young,ORG
psmith,instagram,India Miss,PERSON
russellamber,twitter,India,GPE
seanlynch,facebook,India Measure,ORG
hernandeznathan,telegram,India Black,ORG
morgankristina,reddit,India Writer,ORG
elizabeth27,reddit,India Together,PERSON
tbennett,instagram,India,GPE
cwhitney,reddit,Congress,ORG
cwhitney,reddit,India,GPE
jgomez,instagram,India,GPE
vnorris,facebook,Coach,ORG
vnorris,facebook,India,GPE
kwest,instagram,India Expert,ORG
cynthia17,facebook,India,GPE
ejimenez,telegram,India Owner,ORG
nancyjones,twitter,India Hope,ORG
david21,telegram,India Raise,ORG
fullersamuel,reddit,India Detail,ORG
foxkathleen,twitter,India,GPE
robin06,facebook,India,GPE
webbdeborah,telegram,India,GPE
navarrorobert,reddit,India,GPE
turnerwilliam,twitter,sport stock voice movement group,ORG
turnerwilliam,twitter,India,GPE
robinsonjamie,telegram,India,GPE
charles81,telegram,India Site,ORG
vsmith,reddit,Coach,ORG
vsmith,reddit,India Edge,ORG
noblespencer,facebook,India Level,ORG
whitakerjason,twitter,India,GPE
aimeerobinson,reddit,India,GPE
aimeerobinson,reddit,Congress,ORG
hodgesjoshua,twitter,India,GPE
penny05,instagram,India,GPE
wcarter,telegram,India Allow,PERSON
omitchell,instagram,India Television,ORG
jonesnicole,twitter,India,GPE
xholloway,telegram,India Weight,ORG
smithgwendolyn,reddit,India,GPE
aprilmorales,twitter,India Various,GPE
tmccullough,facebook,Authority,ORG
tmccullough,facebook,India Adult,PERSON
greenjonathan,facebook,India,GPE
gary42,facebook,India,GPE
sandrajefferson,facebook,India Something,ORG
samuel94,telegram,India,GPE
kathleen74,facebook,India,GPE
paulcollins,facebook,India Company,ORG
daniel80,telegram,India Office,ORG
valeriedrake,reddit,India,GPE
sullivandaniel,telegram,India Heavy,ORG
ortizgabrielle,instagram,India Coach,ORG
duncansean,facebook,India,GPE
amy67,telegram,India Skill,PERSON
nbryant,twitter,India Tough,ORG
vcobb,facebook,India See,ORG
barrettheidi,reddit,India,GPE
andersonsteven,reddit,India,GPE
henry56,twitter,India,GPE
michele87,instagram,India Budget,ORG
greentroy,reddit,India Car,PERSON
brooke84,instagram,India,GPE
qdavis,telegram,India,GPE
christyjohnson,instagram,American week,ORG
christyjohnson,instagram,India Identify,ORG
daltoncameron,facebook,India,GPE
kkim,instagram,India,GPE
brandonmalone,instagram,India Reflect,ORG
jwatson,reddit,India,GPE
ubrown,instagram,India,GPE
michael54,reddit,India,GPE
maldonadogina,telegram,India,GPE
akennedy,telegram,India Add,PERSON
danielacosta,telegram,India,GPE
wdunlap,telegram,India,GPE
pobrien,reddit,India Fund,ORG
cranemargaret,instagram,India,GPE
eevans,facebook,India,GPE
kimberlylopez,reddit,India Capital,ORG
washingtonmartha,twitter,India,GPE
mccormicksarah,facebook,India,GPE
sarahmurray,reddit,India,GPE
gary10,twitter,India Administration,ORG
dustinayala,telegram,India,GPE
carrkathleen,facebook,India,GPE
brian22,facebook,India Time,ORG
desireecooley,telegram,India Weight,ORG
garzajennifer,facebook,India Easy,GPE
nelsonanthony,twitter,India,GPE
millersavannah,twitter,India Worry,ORG
richard53,instagram,India Weight,ORG
martinnatasha,facebook,India,GPE
simpsonjoseph,twitter,India Science,ORG
dawnhiggins,reddit,India Especially,ORG
mcclurerandy,telegram,India Sing,ORG
vlopez,instagram,India Light,ORG
whitechris,instagram,India,GPE
opatrick,facebook,India,GPE
johncooper,telegram,India Pick,PERSON
randyday,reddit,India,GPE
qhaney,reddit,India,GPE
kinganthony,instagram,India Story,ORG
marchumphrey,twitter,India Information,ORG
smithjulia,twitter,India,GPE
briannaferguson,facebook,India Color,ORG
zdonovan,facebook,India,GPE
brianwilson,twitter,east east pick,LOC
brianwilson,twitter,India Me,ORG
avalenzuela,instagram,India Material,ORG
jack93,telegram,India Maintain,ORG
douglas84,telegram,India Force,ORG
wgarcia,reddit,India,GPE
qsuarez,twitter,India Level,ORG
gmorales,facebook,Detail,PERSON
gmorales,facebook,India,GPE
joliver,instagram,India,GPE
john24,telegram,India Visit,ORG
michael96,facebook,India,GPE
marylopez,telegram,India North,PERSON
thompsonryan,facebook,India,GPE
ewilson,twitter,India,GPE
broberson,facebook,India,GPE
william89,telegram,India Power,ORG
mjames,facebook,India Energy,ORG
sandrawilson,facebook,India,GPE
perezmeghan,instagram,India Social,ORG
carriejohns,reddit,India,GPE
rushtony,telegram,India,GPE
shawn32,telegram,India,GPE
margaretfoster,telegram,India,GPE
robert41,facebook,India,GPE
ycurtis,twitter,India Design,ORG
andrew18,facebook,India Inside,PERSON
brucewerner,instagram,India Financial,ORG
kweiss,instagram,India,GPE
diana22,telegram,India Create,ORG
wisemichael,instagram,India Capital,ORG
phyllisowens,telegram,India Represent,ORG
michaelwalker,facebook,Mrs,PERSON
michaelwalker,facebook,India,GPE
stonejason,telegram,India Conference,ORG
derekhuff,facebook,India Window,ORG
matthew31,twitter,India Ball,PERSON
erica75,telegram,India,GPE
lisabrown,facebook,India,GPE
bassjeffrey,instagram,India,GPE
taylorrichard,twitter,India,GPE
karenchapman,twitter,India,GPE
andrew92,twitter,India Ever,ORG
vfreeman,reddit,India Difference,ORG
bakermallory,facebook,India Scientist,ORG
yjones,twitter,India,GPE
andrew88,twitter,India,GPE
cabreraamanda,reddit,India,GPE
warnerscott,telegram,India,GPE
lopezveronica,telegram,India,GPE
qoneill,instagram,India,GPE
charlesbernard,instagram,India,GPE
edwardjones,instagram,India Song,PERSON
kristaturner,reddit,India Energy,ORG
kirbynancy,twitter,India Ago,PERSON
ernestpatterson,twitter,India,GPE
brandon99,telegram,India,GPE
browncathy,telegram,India,GPE
helen35,twitter,India Interview,PERSON
amber33,instagram,India,GPE
baileysierra,instagram,India Country,ORG
jkelly,twitter,India,GPE
raymond60,twitter,India,GPE
zacharycompton,telegram,India,GPE
brendanchandler,twitter,India,GPE
leslie77,twitter,India,GPE
noblesharon,telegram,India,GPE
justinjimenez,facebook,India,GPE
ratkins,reddit,India,GPE
yjones,twitter,India Business,ORG
paula11,instagram,India Fill,ORG
olsoncynthia,reddit,India,GPE
deborahjames,instagram,India,GPE
pricejonathan,twitter,Glass,PERSON
pricejonathan,twitter,India Oil,ORG
jeremy42,instagram,Mrs,PERSON
jeremy42,instagram,India,GPE
pporter,reddit,India Husband,GPE
brendaandersen,twitter,India,GPE
cindyhanson,instagram,India,GPE
sarah33,telegram,India Raise,ORG
adam53,twitter,Success,ORG
vanessadelgado,telegram,India Discuss,ORG
ewright,reddit,India,GPE
wpollard,twitter,India Appear,PERSON
john80,reddit,India,GPE
thomaswilson,facebook,India,GPE
lovesarah,instagram,India,GPE
xcox,facebook,India Factor,ORG
jdiaz,instagram,India Future,ORG
ericcastaneda,telegram,India Student,ORG
hillhannah,twitter,India Professional,ORG
ywallace,instagram,House,ORG
ywallace,instagram,India,GPE
chrismccullough,instagram,India,GPE
noliver,instagram,India,GPE
jason13,twitter,India Major,ORG
jason13,twitter,list international build military room,ORG
murphykyle,twitter,India Guy,PERSON
tdunn,telegram,India Rise,ORG
kristy78,twitter,India Bed Mrs,PERSON
salazarlisa,reddit,India,GPE
marquezdeborah,reddit,India Standard,ORG
lisamack,reddit,India,GPE
shane17,twitter,India Possible,ORG
casederek,telegram,India Everybody,ORG
kenneth00,facebook,India Something,ORG
feliciashepard,facebook,India American,ORG
noblekelly,telegram,India Conference,ORG
zthompson,instagram,India Party,ORG
osoto,facebook,India,GPE
collinskatrina,instagram,India,GPE
hannah87,reddit,India,GPE
randalltiffany,telegram,India,GPE
wilsonstacey,reddit,India Realize,ORG
brooke57,twitter,India Simple,PERSON
kristina57,twitter,India Race,ORG
crystalreid,reddit,India,GPE
cassandra30,telegram,India,GPE
luis03,facebook,India,GPE
kathleenwoods,telegram,India,GPE
phillipsroberto,twitter,India Difference,ORG
brianna75,facebook,India Direction,GPE
englishangela,twitter,India,GPE
manuel73,instagram,India Address,ORG
jacobtaylor,facebook,India,GPE
robertrocha,twitter,India,GPE
barnettjason,reddit,India Call,ORG
garyallen,reddit,India Agency,ORG
shoover,telegram,India,GPE
dawnellis,instagram,India,GPE
kathleen56,reddit,India Race,ORG
robbinsteresa,instagram,India,GPE
petersonallen,facebook,India,GPE
ohart,telegram,India Owner,ORG
yangmary,twitter,India Drop,PERSON
deandonald,twitter,India Somebody,ORG
qrichardson,reddit,India,GPE
