username,site,status,url
Cyberwatcher,GitHub,FOUND,https://www.github.com/Cyberwatcher
Cyberwatcher,Reddit,FOUND,https://www.reddit.com/user/Cyberwatcher
Cyberwatcher,WordPress,FOUND,https://Cyberwatcher.wordpress.com/
Cyberwatcher,YouTube,FOUND,https://www.youtube.com/@Cyberwatcher
Freedom123,Flickr,FOUND,https://www.flickr.com/people/Freedom123
Freedom123,GitHub,FOUND,https://www.github.com/Freedom123
Freedom123,Reddit,FOUND,https://www.reddit.com/user/Freedom123
Freedom123,SoundCloud,FOUND,https://soundcloud.com/Freedom123
Freedom123,Telegram,FOUND,https://t.me/Freedom123
Freedom123,WordPress,FOUND,https://Freedom123.wordpress.com/
Freedom123,YouTube,FOUND,https://www.youtube.com/@Freedom123
Globalvoice,Flickr,FOUND,https://www.flickr.com/people/Globalvoice
Globalvoice,GitHub,FOUND,https://www.github.com/Globalvoice
Globalvoice,Reddit,FOUND,https://www.reddit.com/user/Globalvoice
Globalvoice,Vimeo,FOUND,https://vimeo.com/Globalvoice
Globalvoice,WordPress,FOUND,https://Globalvoice.wordpress.com/
Jane_doe,Flickr,FOUND,https://www.flickr.com/people/Jane_doe
Jane_doe,GoodReads,FOUND,https://www.goodreads.com/Jane_doe
Jane_doe,Medium,FOUND,https://medium.com/@Jane_doe
Jane_doe,Reddit,FOUND,https://www.reddit.com/user/Jane_doe
Jane_doe,SoundCloud,FOUND,https://soundcloud.com/Jane_doe
Jane_doe,Telegram,FOUND,https://t.me/Jane_doe
Jane_doe,YouTube,FOUND,https://www.youtube.com/@Jane_doe
John_doe,Flickr,FOUND,https://www.flickr.com/people/John_doe
John_doe,GoodReads,FOUND,https://www.goodreads.com/John_doe
John_doe,Medium,FOUND,https://medium.com/@John_doe
John_doe,Reddit,FOUND,https://www.reddit.com/user/John_doe
John_doe,SoundCloud,FOUND,https://soundcloud.com/John_doe
John_doe,YouTube,FOUND,https://www.youtube.com/@John_doe
Tech_sentinel,YouTube,FOUND,https://www.youtube.com/@Tech_sentinel
Truth_warrior,Reddit,FOUND,https://www.reddit.com/user/Truth_warrior
Truth_warrior,YouTube,FOUND,https://www.youtube.com/@Truth_warrior
cyberwatcher,GitHub,FOUND,https://www.github.com/cyberwatcher
cyberwatcher,Reddit,FOUND,https://www.reddit.com/user/cyberwatcher
cyberwatcher,WordPress,FOUND,https://cyberwatcher.wordpress.com/
cyberwatcher,YouTube,FOUND,https://www.youtube.com/@cyberwatcher
cyberwatcher1,Reddit,FOUND,https://www.reddit.com/user/cyberwatcher1
freedom123,Flickr,FOUND,https://www.flickr.com/people/freedom123
freedom123,GitHub,FOUND,https://www.github.com/freedom123
freedom123,Reddit,FOUND,https://www.reddit.com/user/freedom123
freedom123,SoundCloud,FOUND,https://soundcloud.com/freedom123
freedom123,Telegram,FOUND,https://t.me/freedom123
freedom123,VK,FOUND,https://vk.com/freedom123
freedom123,WordPress,FOUND,https://freedom123.wordpress.com/
freedom123,YouTube,FOUND,https://www.youtube.com/@freedom123
freedom1231,GitHub,FOUND,https://www.github.com/freedom1231
freedom1231,Reddit,FOUND,https://www.reddit.com/user/freedom1231
freedom1231,Snapchat,FOUND,https://www.snapchat.com/add/freedom1231
freedom1231,Telegram,FOUND,https://t.me/freedom1231
freedom1231,YouTube,FOUND,https://www.youtube.com/@freedom1231
freedom123123,GitHub,FOUND,https://www.github.com/freedom123123
freedom123123,Reddit,FOUND,https://www.reddit.com/user/freedom123123
freedom123123,Snapchat,FOUND,https://www.snapchat.com/add/freedom123123
freedom123123,Telegram,FOUND,https://t.me/freedom123123
freedom123123,VK,FOUND,https://vk.com/freedom123123
globalvoice,Flickr,FOUND,https://www.flickr.com/people/globalvoice
globalvoice,GitHub,FOUND,https://www.github.com/globalvoice
globalvoice,Reddit,FOUND,https://www.reddit.com/user/globalvoice
globalvoice,Vimeo,FOUND,https://vimeo.com/globalvoice
globalvoice,WordPress,FOUND,https://globalvoice.wordpress.com/
globalvoice1,WordPress,FOUND,https://globalvoice1.wordpress.com/
jane.doe,Medium,FOUND,https://medium.com/@jane.doe
jane.doe,Snapchat,FOUND,https://www.snapchat.com/add/jane.doe
jane_doe,Flickr,FOUND,https://www.flickr.com/people/jane_doe
jane_doe,GoodReads,FOUND,https://www.goodreads.com/jane_doe
jane_doe,Medium,FOUND,https://medium.com/@jane_doe
jane_doe,Snapchat,FOUND,https://www.snapchat.com/add/jane_doe
jane_doe,SoundCloud,FOUND,https://soundcloud.com/jane_doe
jane_doe,YouTube,FOUND,https://www.youtube.com/@jane_doe
jane_doe1,Reddit,FOUND,https://www.reddit.com/user/jane_doe1
jane_doe1,Snapchat,FOUND,https://www.snapchat.com/add/jane_doe1
jane_doe1,SoundCloud,FOUND,https://soundcloud.com/jane_doe1
jane_doe1,Telegram,FOUND,https://t.me/jane_doe1
jane_doe1,VK,FOUND,https://vk.com/jane_doe1
jane_doe123,Reddit,FOUND,https://www.reddit.com/user/jane_doe123
jane_doe123,Snapchat,FOUND,https://www.snapchat.com/add/jane_doe123
jane_doe123,Telegram,FOUND,https://t.me/jane_doe123
jane_doe123,YouTube,FOUND,https://www.youtube.com/@jane_doe123
jane_doe_,Medium,FOUND,https://medium.com/@jane_doe_
jane_doe_,Reddit,FOUND,https://www.reddit.com/user/jane_doe_
jane_doe_,YouTube,FOUND,https://www.youtube.com/@jane_doe_
jane_doe_official,YouTube,FOUND,https://www.youtube.com/@jane_doe_official
john.doe,Medium,FOUND,https://medium.com/@john.doe
john.doe,Snapchat,FOUND,https://www.snapchat.com/add/john.doe
john_doe1,Reddit,FOUND,https://www.reddit.com/user/john_doe1
john_doe1,Snapchat,FOUND,https://www.snapchat.com/add/john_doe1
john_doe1,SoundCloud,FOUND,https://soundcloud.com/john_doe1
john_doe1,Telegram,FOUND,https://t.me/john_doe1
john_doe1,VK,FOUND,https://vk.com/john_doe1
john_doe123,Medium,FOUND,https://medium.com/@john_doe123
john_doe123,Reddit,FOUND,https://www.reddit.com/user/john_doe123
john_doe123,Snapchat,FOUND,https://www.snapchat.com/add/john_doe123
john_doe123,Telegram,FOUND,https://t.me/john_doe123
john_doe123,YouTube,FOUND,https://www.youtube.com/@john_doe123
john_doe_,Flickr,FOUND,https://www.flickr.com/people/john_doe_
john_doe_,Medium,FOUND,https://medium.com/@john_doe_
john_doe_,Reddit,FOUND,https://www.reddit.com/user/john_doe_
john_doe_,YouTube,FOUND,https://www.youtube.com/@john_doe_
john_doe_official,Reddit,FOUND,https://www.reddit.com/user/john_doe_official
john_doe_official,Telegram,FOUND,https://t.me/john_doe_official
justice_now,Snapchat,FOUND,https://www.snapchat.com/add/justice_now
justice_now,Telegram,FOUND,https://t.me/justice_now
justice_now,YouTube,FOUND,https://www.youtube.com/@justice_now
realjane_doe,Reddit,FOUND,https://www.reddit.com/user/realjane_doe
realjohn_doe,Reddit,FOUND,https://www.reddit.com/user/realjohn_doe
realjohn_doe,Telegram,FOUND,https://t.me/realjohn_doe
realjohn_doe,YouTube,FOUND,https://www.youtube.com/@realjohn_doe
tech_sentinel,Reddit,FOUND,https://www.reddit.com/user/tech_sentinel
tech_sentinel,YouTube,FOUND,https://www.youtube.com/@tech_sentinel
truth.warrior,Snapchat,FOUND,https://www.snapchat.com/add/truth.warrior
truth.warrior,YouTube,FOUND,https://www.youtube.com/@truth.warrior
truth_warrior,Reddit,FOUND,https://www.reddit.com/user/truth_warrior
truth_warrior,Snapchat,FOUND,https://www.snapchat.com/add/truth_warrior
truth_warrior,Telegram,FOUND,https://t.me/truth_warrior
truth_warrior,VK,FOUND,https://vk.com/truth_warrior
truth_warrior,YouTube,FOUND,https://www.youtube.com/@truth_warrior
